title,note_text,category,latitude,longitude,place_name,media_file,language,author
corner bookstore!,this bookstore sells the cutest plushies along with books hehe,Misc,40.806725,-73.96502,corner bookstore,IMG_1327.HEIC,en,maya
exploring columbiaaa,,Street,40.8067,-73.9647,alfred lerner hall,IMG_1326.mov,en,dev
i feel broke in nyc,what is this mansion of a house,Street,40.72480,-73.99930,"billionaire street? (Greene St, SoHo)",IMG_1331.jpg,en,sam
hopscotch in queens!,,Street,40.76770,-73.92120,"30th Ave, Astoria, Queens",IMG_0883.jpg,en,maya
candle making event in times square!,this place had really cute candles check it out,Misc,40.75800,-73.98550,"The Candle Concept, Times Square",IMG_0882.jpg,en,dev
where's the umass gang at in nyc??,found this random sticker wall in gongcha,Food,40.80390,-73.96670,"Gong Cha, 2810 Broadway",IMG_0887.jpg,en,sam
where my desi x dubai choc lovers at?,"best of both worlds fr, you must try the chana masala kathi roll",Food,40.80240,-73.96380,"Roti Roll, 994 Amsterdam Ave",IMG_0890.jpg,en,maya
fav flowers in nyc,the store owner showed me her fav flower arrangement,Park,40.76400,-73.98530,"Flowers by Richard, 316 W 53rd St",IMG_1329.jpg,en,dev
central park meetup for columbia students!!,"wics is hosting an ice cream meet up for columbia students this whole week, pu if you wnat free ice cream!",Park,40.78120,-73.96650,"Central Park, Great Lawn",,en,sam
